sequence,id,sha256,filename,origin,title
1,ADEQUACY-001,d7cd1394edd12909fb7d87566fff947829094d6aa06ff725fab1f57891564c75,001__Precision-and-adequacy-are-independent-variables.__SELFSOURCE__ADEQUACY-001__from-PRESERVED_BASELINE_RESEARCH_.txt,PRESERVED_BASELINE_RESEARCH_ARCHIVE,Precision and adequacy are independent variables.
2,AGENCY-001,ca7f2115783a20bd7ab5f590c2c798927f563e97cf64c7805bd8b476b7051237,002__A-button-is-not-evidence-of-agency-if-the-causal-windo__SELFSOURCE__AGENCY-001__from-PRESERVED_BASELINE_RESEARCH_.txt,PRESERVED_BASELINE_RESEARCH_ARCHIVE,A button is not evidence of agency if the causal window has already closed.
3,BURDEN-001,157794259f19222af2bdbeab37529f6c07f5a7a936140d63bd9b51d3ed1f686c,003__Representational-loss-often-returns-as-correction-labo__SELFSOURCE__BURDEN-001__from-PRESERVED_BASELINE_RESEARCH_.txt,PRESERVED_BASELINE_RESEARCH_ARCHIVE,Representational loss often returns as correction labor borne by bodies.
4,CAREER-001,9157bc8341ae002a607490f9d2061db1395831d7361a1f108fa8d49c0199f556,004__Geertz-s-shape-of-its-career-makes-provenance-only-hal__Geertz1976Art__CAREER-001__from-PRESERVED_BASELINE_RESEARCH_.txt,PRESERVED_BASELINE_RESEARCH_ARCHIVE,Geertz’s “shape of its career” makes provenance only half of the path.
5,CATEGORY-001,d87f985d38fd0bc76c25c5fdd0dadf29c94eceb0215dff1cf0aa1c2a5ce43d0e,005__A-category-becomes-infrastructure-when-it-is-compiled__SELFSOURCE__CATEGORY-001__from-PRESERVED_BASELINE_RESEARCH_.txt,PRESERVED_BASELINE_RESEARCH_ARCHIVE,"A category becomes infrastructure when it is compiled through fields, thresholds, permissions, queues, and denials."
6,CIRCULATION-001,141dd961f74cfa747d4363a58c2e2a43c8cba5f2a0cd0bf90f4055d13fb43c66,006__Circulation-is-a-sequence-of-transformations-not-neutr__SELFSOURCE__CIRCULATION-001__from-PRESERVED_BASELINE_RESEARCH_.txt,PRESERVED_BASELINE_RESEARCH_ARCHIVE,"Circulation is a sequence of transformations, not neutral transport."
7,CLASS-PATH-001,5006098e37d9752cdc7d44ccc47e2612f503065f5fa4e75f380c9a88c47ea8cf,007__Burrow-Giles-is-useful-because-the-Court-moves-from-th__BurrowGiles1884__CLASS-PATH-001__from-PRESERVED_BASELINE_RESEARCH_.txt,PRESERVED_BASELINE_RESEARCH_ARCHIVE,Burrow-Giles is useful because the Court moves from the camera class to a production path.
8,CLASS-PATH-002,8191c8fb50f414483cbe62783a9501155ccf2ab08f178b702baf4c7ac2251be9,008__Geertz-s-natural-history-of-signs-and-symbols-is-a-dir__Geertz1976Art__CLASS-PATH-002__from-PRESERVED_BASELINE_RESEARCH_.txt,PRESERVED_BASELINE_RESEARCH_ARCHIVE,Geertz’s “natural history of signs and symbols” is a direct methodological warrant for replacing class labels with trajectories through use.
9,CONSTITUTION-001,768d8c365351a0b3f0676a8c9bbdf6e67b115e6f87163098d266e681d3701813,009__Representation-can-help-make-reality-without-exhaustin__SELFSOURCE__CONSTITUTION-001__from-PRESERVED_BASELINE_RESEARCH_.txt,PRESERVED_BASELINE_RESEARCH_ARCHIVE,Representation can help make reality without exhausting the reality it helps make.
10,CONTROL-001,9e9b483c89f361e4bbbd0e94f0566845fc668307cbf9e263ef759f067440630d,010__Call-the-shot-converts-skill-from-retrospective-attrib__Sharpe1976Pinball__CONTROL-001__from-PRESERVED_BASELINE_RESEARCH_.txt,PRESERVED_BASELINE_RESEARCH_ARCHIVE,“Call the shot” converts skill from retrospective attribution into a prospective falsifiable claim.
11,CONTROL-002,2aa4c2019eff6cbc984d477e570185a7b4c5c451d6f5f25ce2c1f7916eb347de,011__The-Copyright-Office-recorded-624-iterations-but-treat__USCO2023Theatre__CONTROL-002__from-PRESERVED_BASELINE_RESEARCH_.txt,PRESERVED_BASELINE_RESEARCH_ARCHIVE,The Copyright Office recorded 624 iterations but treated the number as irrelevant to whether Allen controlled the particular expressive result.
12,CORRECTION-001,b96fe13ad33b012818e0f86fcbe723bafb26a15e965f9e4090f59aa68586f815,012__Correction-is-only-real-when-the-contested-difference__SELFSOURCE__CORRECTION-001__from-PRESERVED_BASELINE_RESEARCH_.txt,PRESERVED_BASELINE_RESEARCH_ARCHIVE,Correction is only real when the contested difference survives translation into a still-open intervention point.
13,FUTAMURA-001,16400960b490c7ae9b92b4fc2ea82778caabb8818f136f491de8c696e20cfa87,013__Compilation-can-be-obtained-by-freezing-the-source-pro__JonesGomardSestoft1993__FUTAMURA-001__from-PRESERVED_BASELINE_RESEARCH_.txt,PRESERVED_BASELINE_RESEARCH_ARCHIVE,Compilation can be obtained by freezing the source program inside its interpreter.
14,FUTAMURA-002,570edb64a4ff0ed7a76f848e409586c7b35c563d54b53a96b52497081a45a5e1,014__Self-application-turns-the-specializer-into-a-compiler__JonesGomardSestoft1993__FUTAMURA-002__from-PRESERVED_BASELINE_RESEARCH_.txt,PRESERVED_BASELINE_RESEARCH_ARCHIVE,Self-application turns the specializer into a compiler and then into a compiler generator.
15,MARKOV-ONEGIN-001,57fd63ff4f3763b6e13f913c77aa3cdd81f3b6f99d5e5d5829d74f882deba3d7,015__Markov-did-not-build-a-model-of-Eugene-Onegin-s-poetry__Markov1913Onegin__MARKOV-ONEGIN-001__from-PRESERVED_BASELINE_RESEARCH_.txt,PRESERVED_BASELINE_RESEARCH_ARCHIVE,Markov did not build a model of Eugene Onegin’s poetry; he destroyed almost all of the poem to isolate dependence.
16,MARKOV-ONEGIN-002,6196fcf49536c1df14031aee2d94285bb909e7d5785a59c8c86d460468d6883b,016__Eugene-Onegin-was-evidence-in-Markov-s-fight-about-ind__Markov1913Onegin__MARKOV-ONEGIN-002__from-PRESERVED_BASELINE_RESEARCH_.txt,PRESERVED_BASELINE_RESEARCH_ARCHIVE,"Eugene Onegin was evidence in Markov’s fight about independence, not the object his mathematics was designed to explain."
17,MARKOV-POET-001,fb4b6ce4c547e72eefcc87abd6cc7bc0c31eca5637e3532ce37adc43d7eef832,017__Geertz-s-artistic-Markov-process-is-immediately-subord__Geertz1976Art__MARKOV-POET-001__from-PRESERVED_BASELINE_RESEARCH_.txt,PRESERVED_BASELINE_RESEARCH_ARCHIVE,Geertz’s “artistic Markov process” is immediately subordinated to composition-in-performance.
18,MARKOV-POET-002,17703af4ec957fad9e3d431c5dccdaaf15eb40bef2b8f9b11031aba9c75f5242,018__The-audience-is-not-context-around-the-Moroccan-poem-i__Geertz1976Art__MARKOV-POET-002__from-PRESERVED_BASELINE_RESEARCH_.txt,PRESERVED_BASELINE_RESEARCH_ARCHIVE,The audience is not context around the Moroccan poem; it is an input channel into its production.
19,MARKOV-REVIVAL-001,b43a1632644462908d83c7591a56044e90c3eaf799e6893ab0d27a14da2f6345,019__Geertz-s-1976-Markov-metaphor-and-the-HMM-turn-in-spee__Geertz1976Art__MARKOV-REVIVAL-001__from-PRESERVED_BASELINE_RESEARCH_.txt,PRESERVED_BASELINE_RESEARCH_ARCHIVE,Geertz’s 1976 Markov metaphor and the HMM turn in speech recognition are a real chronological collision with no demonstrated genealogy between them.
20,METASTABLE-001,8b4f39c934266cbc70ff540e4444a5dc6db91d624369904aef9268fc887f5a60,020__Reflection-shifts-the-cultural-computational-boundary__KiczalesEtAl1991__METASTABLE-001__from-PRESERVED_BASELINE_RESEARCH_.txt,PRESERVED_BASELINE_RESEARCH_ARCHIVE,Reflection shifts the cultural/computational boundary from “can the rules change?” to “what constrains legitimate rule-change?”
21,MINIMUM-024,38d3eb511dcb5cc5fa0e5ebdc00a4f16264bdffef08c46cfe87256b07f09367f,021__LLMs-did-not-create-the-first-machine-system-in-which__Winograd1971__MINIMUM-024__from-PRESERVED_BASELINE_RESEARCH_.txt,PRESERVED_BASELINE_RESEARCH_ARCHIVE,LLMs did not create the first machine system in which ordinary English commands changed a computational world.
22,MINIMUM-025,0d355e562150389013c20b5802ff2202cfa39754545bd3f5b330ceccf7e3dba3,022__The-culture-computer-boundary-cannot-rest-on-improvisa__Bourdieu1977__MINIMUM-025__from-PRESERVED_BASELINE_RESEARCH_.txt,PRESERVED_BASELINE_RESEARCH_ARCHIVE,The culture/computer boundary cannot rest on improvisation versus exact semantics because formally exact semantics can describe distributions of improvisatory outcomes.
23,MINIMUM-026,030992304f21d4cc16e27638cced07f2ed231dcb0660fff5354830c73c6d73d7,023__The-deeper-cultural-computational-difference-may-be-th__W3CSCXML2015__MINIMUM-026__from-PRESERVED_BASELINE_RESEARCH_.txt,PRESERVED_BASELINE_RESEARCH_ARCHIVE,The deeper cultural/computational difference may be that programs usually hold their operational ontology fixed during a run while social actors can renegotiate the categories defining the state space.
24,MINIMUM-028,87fc98a6cbb4aa728df73827041134e2d4ae30bb6668ac2b4cf5a2b1e3ce947f,024__The-surviving-scientific-boundary-is-not-culture-versu__Chomsky1959__MINIMUM-028__from-PRESERVED_BASELINE_RESEARCH_.txt,PRESERVED_BASELINE_RESEARCH_ARCHIVE,The surviving scientific boundary is not culture versus code but specified uptake versus underspecified uptake.
25,MINIMUM-029,aca094a80430ed1fc65e8a9c1c116cafe91417af0296926ac73bd5341fc28589,025__Even-self-reference-and-recursion-theorem-construction__Jones2013PocketKnife__MINIMUM-029__from-PRESERVED_BASELINE_RESEARCH_.txt,PRESERVED_BASELINE_RESEARCH_ARCHIVE,Even self-reference and recursion-theorem constructions do not require Turing completeness.
26,NLC-001,2d1850e4a4ff4331ee42ea8d993e684b56d4bb012fd5a8cabbac59189184aa99,026__By-1980-researchers-were-not-merely-issuing-English-co__BiermannBallard1980__NLC-001__from-PRESERVED_BASELINE_RESEARCH_.txt,PRESERVED_BASELINE_RESEARCH_ARCHIVE,By 1980 researchers were not merely issuing English commands to computers; they were constructing named subroutines in English.
27,NLC-002,c8d53e797fbf9da18660998749a79326aca7982e1c3ae125d325ca6b1ac80162,027__Natural-language-ambiguity-was-made-executable-by-clos__BiermannBallard1980__NLC-002__from-PRESERVED_BASELINE_RESEARCH_.txt,PRESERVED_BASELINE_RESEARCH_ARCHIVE,Natural-language ambiguity was made executable by closing a human–machine repair loop rather than by eliminating ambiguity.
28,PASSAGE-001,69a9193b8ed7c0a1d5f5f41925285f6190964096cbc04037ae772f8af9b21d00,028__When-action-must-pass-through-representation-represent__SELFSOURCE__PASSAGE-001__from-PRESERVED_BASELINE_RESEARCH_.txt,PRESERVED_BASELINE_RESEARCH_ARCHIVE,"When action must pass through representation, representation enters the causal machinery of the world."
29,PASSAGE-002,d2bb0e5faa18e9e79f2c3e9b6d9d4d39e7ace0e1f220f0addd2e133c0284b9cc,029__Reduction-is-necessary-for-action-but-omissions-differ__SELFSOURCE__PASSAGE-002__from-PRESERVED_BASELINE_RESEARCH_.txt,PRESERVED_BASELINE_RESEARCH_ARCHIVE,"Reduction is necessary for action, but omissions differ by recoverability."
30,PATH-001,56e12991d99eed61f6dacee6b63c73b3df0dccd65697f977fde71c4aac29b5c5,030__The-essay-s-strongest-invariant-is-not-human-control-b__USCO__PATH-001__from-PRESERVED_BASELINE_RESEARCH_.txt,PRESERVED_BASELINE_RESEARCH_ARCHIVE,The essay’s strongest invariant is not “human control” but a branch that was perceptible before it was selected.
31,PATH-002,4d733543ac2b6a0228808bd33f0b447e1d08a777a64da13d0756da2b47839fe1,031__The-strongest-revision-of-call-the-shot-is-locate-the__USCO__PATH-002__from-PRESERVED_BASELINE_RESEARCH_.txt,PRESERVED_BASELINE_RESEARCH_ARCHIVE,The strongest revision of “call the shot” is “locate the commitment.”
32,PLURAL-001,ae1d697261a1a1e4ba1fb48d25aba5addbecfd34e9de5bd794f95de31e26454f,032__Plural-coordination-requires-common-reductions-without__SELFSOURCE__PLURAL-001__from-PRESERVED_BASELINE_RESEARCH_.txt,PRESERVED_BASELINE_RESEARCH_ARCHIVE,Plural coordination requires common reductions without requiring a neutral common world.
33,PROGRAMROLE-001,1bbed30b7351bcc5a339a345214f9e9e62e805ffc87251e207b2742175a5f2b2,033__An-acceptable-programming-language-explicitly-places-p__Jones2013PocketKnife__PROGRAMROLE-001__from-PRESERVED_BASELINE_RESEARCH_.txt,PRESERVED_BASELINE_RESEARCH_ARCHIVE,An acceptable programming language explicitly places programs inside the domain of data.
34,PROGRAMROLE-002,db35bbdaad8092fb4147e6f2a9d6e8a6831e5af543418f1a4c31157d39276b24,034__Kleene-s-recursion-theorem-permits-an-explicit-interch__Jones2013PocketKnife__PROGRAMROLE-002__from-PRESERVED_BASELINE_RESEARCH_.txt,PRESERVED_BASELINE_RESEARCH_ARCHIVE,Kleene’s recursion theorem permits an explicit interchange of program and data roles.
35,PROGRAMROLE-003,360444dcbe4d5b1e97f006fb298f3ff913907fc43281737ec394c1e2330cd281,035__Turing-s-universal-machine-makes-the-rules-portable-by__Turing1936__PROGRAMROLE-003__from-PRESERVED_BASELINE_RESEARCH_.txt,PRESERVED_BASELINE_RESEARCH_ARCHIVE,Turing’s universal machine makes the rules portable by putting them inside the machine as exchangeable description.
36,PROMPT-010-A,7ec329e30aa4fd30ef497128e535afc111ba1f6462d807fd0acee2287ae11bcd,036__TruthfulQA-generates-false-answers-under-greedy-decodi__LinHiltonEvans2021__PROMPT-010-A__from-PRESERVED_BASELINE_RESEARCH_.txt,PRESERVED_BASELINE_RESEARCH_ARCHIVE,TruthfulQA generates false answers under greedy decoding at temperature zero.
37,PROMPT-010-B,715b9af26510843dd8a6a0210ea106de5cff60de17a2b63d0c098a01052819a0,037__TruthfulQA-splits-falsehood-before-decoding-into-failu__LinHiltonEvans2021__PROMPT-010-B__from-PRESERVED_BASELINE_RESEARCH_.txt,PRESERVED_BASELINE_RESEARCH_ARCHIVE,TruthfulQA splits falsehood before decoding into failure-to-learn and successful imitation of false data.
38,PROMPT-010,2fc9dd167e7ba23951184245c1b2060a15d5eff3065e85e6329421a3ea52d7ec,038__Hallucination-is-not-logically-caused-by-stochastic-de__Schick2023Toolformer__PROMPT-010__from-PRESERVED_BASELINE_RESEARCH_.txt,PRESERVED_BASELINE_RESEARCH_ARCHIVE,Hallucination is not logically caused by stochastic decoding.
39,REFLECT-001,56b0d6a2f5369369350e9437c49915ce5ecd0e60b95c444d7c04afd576b79a8d,039__Metaobject-protocols-invalidate-fixed-language-behavio__KiczalesEtAl1991__REFLECT-001__from-PRESERVED_BASELINE_RESEARCH_.txt,PRESERVED_BASELINE_RESEARCH_ARCHIVE,Metaobject protocols invalidate fixed language behavior as a necessary property of programming systems.
40,REFLECT-002,cf0226c5bc10356502400fe103c076d45d7bd59c7dcc0903ffe1e706b075acbb,040__Maude-makes-the-transition-theory-itself-into-data-tha__DuranEtAl2019__REFLECT-002__from-PRESERVED_BASELINE_RESEARCH_.txt,PRESERVED_BASELINE_RESEARCH_ARCHIVE,Maude makes the transition theory itself into data that another transition theory can execute.
41,REFLECT-003,e654fce2410dbe82fe8687f921a0aecbe0051e120f7430d08248098d1eb1529c,041__Self-reference-does-not-require-a-syntactic-reflection__Jones2013PocketKnife__REFLECT-003__from-PRESERVED_BASELINE_RESEARCH_.txt,PRESERVED_BASELINE_RESEARCH_ARCHIVE,Self-reference does not require a syntactic reflection primitive: Kleene’s theorem constructs it from specialization.
42,RETENTION-001,eac52bdaf98f4d11d909eda03de3b2806b451a5fd155a0686889f5d4e6a33167,042__Cage-deliberately-relocates-artistic-responsibility-fr__Cage1990Autobiographical__RETENTION-001__from-PRESERVED_BASELINE_RESEARCH_.txt,PRESERVED_BASELINE_RESEARCH_ARCHIVE,Cage deliberately relocates artistic responsibility from choosing outcomes to designing the questions that chance will answer.
43,RETENTION-002,b9c3c97587c693d8ac20339362f42f365b26acc4c8f0b300fa5427e5c2b86c7c,043__Generative-art-is-defined-by-ceding-subsequent-control__Galanter2003Generative__RETENTION-002__from-PRESERVED_BASELINE_RESEARCH_.txt,PRESERVED_BASELINE_RESEARCH_ARCHIVE,"Generative art is defined by ceding subsequent control, so loss of local steering can be a positive feature of the production path."
44,RETENTION-003-A,3480fd08a99856623e35804ca9304a61c0fc5e2950f9db0749795bad73d95ec6,044__Wall-Drawing-88-does-not-specify-one-final-image-it-sp__SOURCEUNKNOWN__RETENTION-003-A__from-PRESERVED_BASELINE_RESEARCH_.txt,PRESERVED_BASELINE_RESEARCH_ARCHIVE,Wall Drawing 88 does not specify one final image; it specifies a family of admissible realizations.
45,RETENTION-003-B,9bce7b0e2b5821b721a6dea50dad43053a68ae14c0fa718ed3977f69d72244b4,045__Wall-Drawing-274-stores-not-the-decision-but-the-autho__SOURCEUNKNOWN__RETENTION-003-B__from-PRESERVED_BASELINE_RESEARCH_.txt,PRESERVED_BASELINE_RESEARCH_ARCHIVE,Wall Drawing 274 stores not the decision but the authority to make the decision.
46,RETENTION-003-C,7b0439b079bb682b224cdb19152b55ec80179149a074305280999defe4faa799,046__Wall-Drawing-237-proves-that-even-a-highly-specific-in__SOURCEUNKNOWN__RETENTION-003-C__from-PRESERVED_BASELINE_RESEARCH_.txt,PRESERVED_BASELINE_RESEARCH_ARCHIVE,Wall Drawing 237 proves that even a highly specific instruction does not contain its own final geometry.
47,RETENTION-003-D,7111d9834ea1fe258ecbed72ddf0777e5234a6ff7a0c82679f1bcff5416d8b42,047__Wall-Drawing-797-makes-unpredictable-execution-drift-t__SOURCEUNKNOWN__RETENTION-003-D__from-PRESERVED_BASELINE_RESEARCH_.txt,PRESERVED_BASELINE_RESEARCH_ARCHIVE,Wall Drawing 797 makes unpredictable execution drift the content of a deterministic instruction.
48,RETENTION-003-E,6952bfcb4d2176285e2f2796824f80afd292baae629b802908451e60fdc39d00,048__Wall-Drawing-65-specifies-randomness-itself-as-an-arti__SOURCEUNKNOWN__RETENTION-003-E__from-PRESERVED_BASELINE_RESEARCH_.txt,PRESERVED_BASELINE_RESEARCH_ARCHIVE,Wall Drawing 65 specifies randomness itself as an artistic operation.
49,RETENTION-003-F,2a5936e6e139e43bb30426fc6437c2a2607d36ddeeb9d7ef08dd56ed87890b0f,049__LeWitt-s-later-account-reopens-execution-after-his-196__LeWitt1967Paragraphs__RETENTION-003-F__from-PRESERVED_BASELINE_RESEARCH_.txt,PRESERVED_BASELINE_RESEARCH_ARCHIVE,LeWitt’s later account reopens execution after his 1967 essay had rhetorically closed it.
50,RETENTION-003-G,ff6fd2d6ab4d038940632e1b32412a971e1aa5244c9ebcb5b95abd9c3b696f25,050__Wall-Drawing-289-separates-the-persistent-work-from-ev__SOURCEUNKNOWN__RETENTION-003-G__from-PRESERVED_BASELINE_RESEARCH_.txt,PRESERVED_BASELINE_RESEARCH_ARCHIVE,Wall Drawing 289 separates the persistent work from every temporary material realization.
51,RETENTION-003-H,10bb3d1d9e4909d47ca68c5820459e72b387f9db05792c5a53cd90a07846773c,051__LeWitt-s-wall-drawings-split-specification-precision-f__MULTISOURCE__RETENTION-003-H__from-PRESERVED_BASELINE_RESEARCH_.txt,PRESERVED_BASELINE_RESEARCH_ARCHIVE,LeWitt’s wall drawings split specification precision from realization variability into independent dimensions.
52,RETENTION-003,84809c07a44e2e7eb38986be107f7aeff20a152b7b85d742fd765df777d92c1a,052__LeWitt-moves-the-consequential-branches-almost-entirel__LeWitt1967Paragraphs__RETENTION-003__from-PRESERVED_BASELINE_RESEARCH_.txt,PRESERVED_BASELINE_RESEARCH_ARCHIVE,LeWitt moves the consequential branches almost entirely before execution.
53,RETENTION-004,d91dcebf90e94153a45bb9a0d0fc5cb695074d119c43b6487bc8254a8835bc13,053__Duchamp-makes-selection-itself-intentional-while-attem__Duchamp1961Readymades__RETENTION-004__from-PRESERVED_BASELINE_RESEARCH_.txt,PRESERVED_BASELINE_RESEARCH_ARCHIVE,Duchamp makes selection itself intentional while attempting to remove aesthetic preference from the selection criterion.
54,RETENTION-005-A,c6098821bbc733c5112dae6b4509f180b9b37c93992455feabf8f9f03676fce7,054__A-prompt-can-itself-be-a-copyrighted-work-even-when-th__USCO2025Copyrightability__RETENTION-005-A__from-PRESERVED_BASELINE_RESEARCH_.txt,PRESERVED_BASELINE_RESEARCH_ARCHIVE,A prompt can itself be a copyrighted work even when the image it generates is not.
55,RETENTION-005-B,03797117f361f5405164df2866789cca7c33f95f49d4a7879af528f285c494ca,055__The-more-a-prompt-behaves-like-a-program-the-less-copy__USC17Section102__RETENTION-005-B__from-PRESERVED_BASELINE_RESEARCH_.txt,PRESERVED_BASELINE_RESEARCH_ARCHIVE,"The more a prompt behaves like a program, the less copyright can monopolize the behavior it performs."
56,RETENTION-005-C,cd84bb5e21daf7d1eff8b901e70b1ab4a9051411e69cec9837d31a0076c50505,056__The-Allen-decision-could-not-inspect-the-artistic-obje__USCO2023Theatre__RETENTION-005-C__from-PRESERVED_BASELINE_RESEARCH_.txt,PRESERVED_BASELINE_RESEARCH_ARCHIVE,The Allen decision could not inspect the artistic object most necessary to evaluate prompt craft because Allen withheld the prompts.
57,RETENTION-005-D,d468d7dc2f8b4281956b09a4eda5e3ff97939facf66875a21d1aacfce09e3baa,057__Re-rolling-the-dice-collapses-two-technically-differen__USCO2025Copyrightability__RETENTION-005-D__from-PRESERVED_BASELINE_RESEARCH_.txt,PRESERVED_BASELINE_RESEARCH_ARCHIVE,“Re-rolling the dice” collapses two technically different iterative practices: blind resampling and closed-loop steering.
58,RETENTION-005-E,45e0d0a2b81765575473998287d0dcb253b28d20c21b34f549a80747b1e967db,058__Prompt-to-Prompt-proves-that-prompt-control-is-not-a-p__HertzEtAl2022PromptToPrompt__RETENTION-005-E__from-PRESERVED_BASELINE_RESEARCH_.txt,PRESERVED_BASELINE_RESEARCH_ARCHIVE,Prompt-to-Prompt proves that “prompt control” is not a property of the sentence alone but of the interface architecture that interprets it.
59,RETENTION-005-F,8fd6de4d468ab23f3908ee0c51019beefd9f46e36e5ef58a44d3c41db556f199,059__Attend-and-Excite-separates-an-expressive-decision-wri__CheferEtAl2023Attend__RETENTION-005-F__from-PRESERVED_BASELINE_RESEARCH_.txt,PRESERVED_BASELINE_RESEARCH_ARCHIVE,Attend-and-Excite separates an expressive decision written in the prompt from the mechanism that makes the machine obey it.
60,RETENTION-005-G,3cdca94398963462bd75a111876732e38dbfa2dd07d6e91fb385068879bedb19,060__ControlNet-makes-the-prompt-only-one-channel-in-a-vect__ZhangRaoAgrawala2023ControlNet__RETENTION-005-G__from-PRESERVED_BASELINE_RESEARCH_.txt,PRESERVED_BASELINE_RESEARCH_ARCHIVE,ControlNet makes “the prompt” only one channel in a vector of independently authored controls.
61,RETENTION-005-H,74d33f003123031dd43a51a50fbe06fb75d20d4805bb21d510eae5950f22842e,061__Textual-Inversion-allows-an-artist-to-create-a-new-wor__GalEtAl2022TextualInversion__RETENTION-005-H__from-PRESERVED_BASELINE_RESEARCH_.txt,PRESERVED_BASELINE_RESEARCH_ARCHIVE,Textual Inversion allows an artist to create a new “word” whose meaning is a learned visual concept.
62,RETENTION-005-I,7dbdd63354c469a760aaff90b86feaf7cc35d8de35a7ea2ff34f18aa2fd5707d,062__The-Beijing-Internet-Court-and-U.S.-Copyright-Office-d__USCO__RETENTION-005-I__from-PRESERVED_BASELINE_RESEARCH_.txt,PRESERVED_BASELINE_RESEARCH_ARCHIVE,The Beijing Internet Court and U.S. Copyright Office draw nearly opposite inferences from prompt variation.
63,RETENTION-005-J,aeefa206cd45c868521775ae90a2eff38d12fa939c1abc52123cbd0a4f797c30,063__The-same-prompting-act-can-be-classified-as-insufficie__USCO__RETENTION-005-J__from-PRESERVED_BASELINE_RESEARCH_.txt,PRESERVED_BASELINE_RESEARCH_ARCHIVE,"The same prompting act can be classified as insufficient authorship, personalized expression, or a statutory “arrangement necessary for creation,” depending on jurisdiction."
64,RETENTION-005-K,6cdd3ebcd326891e30724c005ed9324ee17983d549882d04bbc29decf0853227,064__Alfred-Bell-makes-keep-that-legally-powerful-only-afte__USCO__RETENTION-005-K__from-PRESERVED_BASELINE_RESEARCH_.txt,PRESERVED_BASELINE_RESEARCH_ARCHIVE,Alfred Bell makes “keep that” legally powerful only after the accident has arisen inside a human act of making.
65,RETENTION-005-L,84571144bcba3eaa78ad150031628174988039714c46311040c674c44e867f80,065__Thaler-closes-the-machine-as-author-theory-without-dec__SOURCEUNKNOWN__RETENTION-005-L__from-PRESERVED_BASELINE_RESEARCH_.txt,PRESERVED_BASELINE_RESEARCH_ARCHIVE,Thaler closes the machine-as-author theory without deciding the prompt-user-as-author theory.
66,RETENTION-005-M-A-A,cf8ee11353e49b9d71953117425b4d9711da92f81e632456188fd96a87587848,066__Samuelson-Sprigman-and-Sag-reject-the-requirement-of-a__USCO__RETENTION-005-M-A-A__from-PRESERVED_BASELINE_RESEARCH_.txt,PRESERVED_BASELINE_RESEARCH_ARCHIVE,"Samuelson, Sprigman, and Sag reject the requirement of a complete preexisting conception and explicitly defend exploratory iterative authorship."
67,RETENTION-005-M-A,a059ca8c656a54230fc2c79542b0364478155ca4e79d8296356e6a5427b41e6e,067__The-strongest-U.S.-opposition-does-not-claim-that-deta__USCO__RETENTION-005-M-A__from-PRESERVED_BASELINE_RESEARCH_.txt,PRESERVED_BASELINE_RESEARCH_ARCHIVE,The strongest U.S. opposition does not claim that detailed prompts are automatically authorship; it makes reflected conception the hinge.
68,RETENTION-005-M-B-A,b11cdeca046fcae544b94d2897e44a9f35dbbcc7a145e05b09182fbbe2198c06,068__Andrien-creates-an-expressive-surplus-problem-for-gene__SOURCEUNKNOWN__RETENTION-005-M-B-A__from-PRESERVED_BASELINE_RESEARCH_.txt,PRESERVED_BASELINE_RESEARCH_ARCHIVE,Andrien creates an expressive-surplus problem for generative AI: an intermediary may contribute non-rote expression while still being legally incapable of authorship.
69,RETENTION-005-M-B,6ad7a386a4cee989f682bfe804db153f226b2f4a1a19eed060f8ee39d6682586,069__Andrien-makes-the-difficult-boundary-not-tool-versus-a__SOURCEUNKNOWN__RETENTION-005-M-B__from-PRESERVED_BASELINE_RESEARCH_.txt,PRESERVED_BASELINE_RESEARCH_ARCHIVE,Andrien makes the difficult boundary not tool versus author but rote realization versus intellectual modification by the intermediary.
70,RETENTION-005-M-C,65b8742787b3903f2d7334ba4d2a53d19c811776eac80996a459b04840b20875,070__The-prompt-dispute-contains-two-hidden-thresholds-how__USCO__RETENTION-005-M-C__from-PRESERVED_BASELINE_RESEARCH_.txt,PRESERVED_BASELINE_RESEARCH_ARCHIVE,The prompt dispute contains two hidden thresholds: how much control exists and how much copyright requires.
71,RETENTION-005-M,80aa5ae40e36314ea8bd1d7e1ad1b21a7a7c41f96263d471e2cd0eab6ef32876,071__There-is-no-judicial-dissent-from-the-Copyright-Office__USCO__RETENTION-005-M__from-PRESERVED_BASELINE_RESEARCH_.txt,PRESERVED_BASELINE_RESEARCH_ARCHIVE,"There is no judicial “dissent” from the Copyright Office prompt rule; the opposition is distributed across commenters, foreign courts, and competing attribution theories."
72,RETENTION-005-N-A-A,2a9266f62c0e6dae71afe79272b5fae3b3ee77d7ac9be25793eee995a182d2d9,072__Prompt-expansion-turns-underspecification-into-a-machi__SOURCEUNKNOWN__RETENTION-005-N-A-A__from-PRESERVED_BASELINE_RESEARCH_.txt,PRESERVED_BASELINE_RESEARCH_ARCHIVE,Prompt expansion turns underspecification into a machine-controlled exploration variable rather than a defect to be eliminated.
73,RETENTION-005-N-A,a0bfe8a505a7139512eba1aee93de896a6d08cc67c46062c5fb9d2f57e1cdc4d,073__Prompt-expansion-is-not-a-compiler-in-the-ordinary-sem__SOURCEUNKNOWN__RETENTION-005-N-A__from-PRESERVED_BASELINE_RESEARCH_.txt,PRESERVED_BASELINE_RESEARCH_ARCHIVE,Prompt expansion is not a compiler in the ordinary semantics-preserving sense because it deliberately invents values for unspecified variables.
74,RETENTION-005-N-B-A,9a33dac978e0bffa49b20ff7ce8e83c831934c217b22e360606fafc7212474e3,074__Prompt-optimization-creates-an-invisible-normative-lay__SOURCEUNKNOWN__RETENTION-005-N-B-A__from-PRESERVED_BASELINE_RESEARCH_.txt,PRESERVED_BASELINE_RESEARCH_ARCHIVE,Prompt optimization creates an invisible normative layer because “better translation” is defined by an objective function.
75,RETENTION-005-N-B,1485acfbf1e53cd4e7fe92df7bc385d600c777c01901896bdf0c83961524ffe7,075__Automatic-prompt-optimization-can-make-the-machine-tea__SOURCEUNKNOWN__RETENTION-005-N-B__from-PRESERVED_BASELINE_RESEARCH_.txt,PRESERVED_BASELINE_RESEARCH_ARCHIVE,Automatic prompt optimization can make the machine teach the human how the machine prefers to be addressed.
76,RETENTION-005-N-C,9c1f6c9754e6347e1b8ae373b0642da4b718676f35b605871f41a8f96c33ba77,076__Approval-can-convert-machine-added-prompt-content-from__USCO__RETENTION-005-N-C__from-PRESERVED_BASELINE_RESEARCH_.txt,PRESERVED_BASELINE_RESEARCH_ARCHIVE,Approval can convert machine-added prompt content from hidden intervention into an explicit human commitment.
77,RETENTION-005-N,b35f3d2dc5ae8bf4883bfc9d66367885fbff3cf2e8624c34359dfd686da35ff6,077__In-systems-that-rewrite-prompts-internally-the-user-ma__USCO__RETENTION-005-N__from-PRESERVED_BASELINE_RESEARCH_.txt,PRESERVED_BASELINE_RESEARCH_ARCHIVE,"In systems that rewrite prompts internally, the user may not be the author of the operative prompt the model actually receives."
78,RETENTION-005-O-A,4da70d5c665d85788d391b49189e2669c7985f8d9a2afc814309fabdfc4ac865,078__The-human-authorship-doctrine-moved-from-an-open-1966__SOURCEUNKNOWN__RETENTION-005-O-A__from-PRESERVED_BASELINE_RESEARCH_.txt,PRESERVED_BASELINE_RESEARCH_ARCHIVE,The human-authorship doctrine moved from an open 1966 question to a formal 1973 administrative rule before Congress enacted the 1976 Act.
79,RETENTION-005-O-B,1706962eccf3c0d2b79dd11d77c46e25a298624059793f5767baa8fda5c0b520,079__CONTU-s-influential-computer-as-tool-model-depended-on__SOURCEUNKNOWN__RETENTION-005-O-B__from-PRESERVED_BASELINE_RESEARCH_.txt,PRESERVED_BASELINE_RESEARCH_ARCHIVE,CONTU’s influential computer-as-tool model depended on a technical premise that modern generative systems no longer straightforwardly satisfy.
80,RETENTION-005-O-C,3b400d713c1a8f6adcb3064ce7fb3bb75bf66130a2f1312ec8bb4cc62da8f703,080__Generative-iteration-breaks-the-old-conception-executi__USCO__RETENTION-005-O-C__from-PRESERVED_BASELINE_RESEARCH_.txt,PRESERVED_BASELINE_RESEARCH_ARCHIVE,Generative iteration breaks the old conception/execution sequence by feeding execution back into conception.
81,RETENTION-005-O,ba8fb149843b1fc296839a5cf2b822e9b022e5242eb40b2de041d8e1efc02b86,081__The-Copyright-Office-s-current-traditional-elements-of__USCO__RETENTION-005-O__from-PRESERVED_BASELINE_RESEARCH_.txt,PRESERVED_BASELINE_RESEARCH_ARCHIVE,The Copyright Office’s current “traditional elements of authorship” test began as a provisional question in its 1965 annual report.
82,RETENTION-005-P,6ce17a64b36b5ca158575e77ed9326a351af0113161e565c0939f1fa12bdbc1e,082__The-Copyright-Office-makes-authorship-technologically__USCO__RETENTION-005-P__from-PRESERVED_BASELINE_RESEARCH_.txt,PRESERVED_BASELINE_RESEARCH_ARCHIVE,The Copyright Office makes authorship technologically contingent: the same human intention could cross the copyright boundary after an interface upgrade.
83,RETENTION-005-Q-A,51ff9d5caf125e190d1bac7e24b4f94e80a2a57dc169c7ff427f59a9d8d68e83,083__Li-v.-Liu-did-not-hold-that-negative-prompts-independe__SOURCEUNKNOWN__RETENTION-005-Q-A__from-PRESERVED_BASELINE_RESEARCH_.txt,PRESERVED_BASELINE_RESEARCH_ARCHIVE,Li v. Liu did not hold that negative prompts independently constitute authorship; it treated them as one component of a total creative workflow.
84,RETENTION-005-Q-B,9ae4e7a0f2d740de2ed2bfff08b809dae668c00e811cdf0eba9b2d836eb9d016,084__A-negative-prompt-does-not-simply-subtract-a-forbidden__SOURCEUNKNOWN__RETENTION-005-Q-B__from-PRESERVED_BASELINE_RESEARCH_.txt,PRESERVED_BASELINE_RESEARCH_ARCHIVE,A negative prompt does not simply subtract a forbidden object; its effect depends on when and how guidance enters the diffusion trajectory.
85,RETENTION-005-Q-C,4388f7583b51ab2c84e1669772cb436f0a1d5c7b3885233a6f4b9a980d92bb6b,085__An-exclusion-can-be-causally-decisive-while-leaving-no__USCO__RETENTION-005-Q-C__from-PRESERVED_BASELINE_RESEARCH_.txt,PRESERVED_BASELINE_RESEARCH_ARCHIVE,An exclusion can be causally decisive while leaving no positive expressive trace that copyright can point to.
86,RETENTION-005-Q,e3e730bb07eb3c9bdffb25e683d50fae81aeeaf63bf5e4cc404ff221929c0d74,086__The-negative-prompt-is-an-authored-refusal-it-controls__SOURCEUNKNOWN__RETENTION-005-Q__from-PRESERVED_BASELINE_RESEARCH_.txt,PRESERVED_BASELINE_RESEARCH_ARCHIVE,The negative prompt is an authored refusal: it controls the work by specifying what must not survive.
87,RETENTION-005-R-A-A-A,d0b67faccdb1b92240b4401e8f068a5df0d4a4f6fb3fd9f541a245631900cfe4,087__Original-intention-can-be-a-retrospective-fiction-beca__Schon__RETENTION-005-R-A-A-A__from-PRESERVED_BASELINE_RESEARCH_.txt,PRESERVED_BASELINE_RESEARCH_ARCHIVE,“Original intention” can be a retrospective fiction because intentions themselves are outputs of making.
88,RETENTION-005-R-A-A,7df0a422c2282f50cefe29331999f5f39508f294a790362776c95a5e7345c318,088__Iterative-prompting-creates-an-identification-problem__SOURCEUNKNOWN__RETENTION-005-R-A-A__from-PRESERVED_BASELINE_RESEARCH_.txt,PRESERVED_BASELINE_RESEARCH_ARCHIVE,Iterative prompting creates an identification problem: observed preference is jointly produced by user intention and model feedback.
89,RETENTION-005-R-A,4be1f6b3e7a19c6536994b1de1117fef6888240b8ff15adbadd42df20c2cc6c5,089__A-prompt-trajectory-records-not-only-the-artist-learni__SOURCEUNKNOWN__RETENTION-005-R-A__from-PRESERVED_BASELINE_RESEARCH_.txt,PRESERVED_BASELINE_RESEARCH_ARCHIVE,A prompt trajectory records not only the artist learning the image but the artist learning to speak the model’s preferences.
90,RETENTION-005-R-B-A,102d8891b739432d530d90e3ad38bb9adb593a37138f63ab9083d70faa22dac7,090__If-prompt-and-image-constitute-one-practice-object-mod__SOURCEUNKNOWN__RETENTION-005-R-B-A__from-PRESERVED_BASELINE_RESEARCH_.txt,PRESERVED_BASELINE_RESEARCH_ARCHIVE,"If prompt and image constitute one practice object, model version becomes part of the work’s conditions of intelligibility."
91,RETENTION-005-R-B,13f0cc9cd108488159ba4ee465bf1508c8e01dce2ba39e0a3ebb13a486db3f86,091__Prompt-artists-sometimes-treat-the-prompt-and-image-to__SOURCEUNKNOWN__RETENTION-005-R-B__from-PRESERVED_BASELINE_RESEARCH_.txt,PRESERVED_BASELINE_RESEARCH_ARCHIVE,"Prompt artists sometimes treat the prompt and image together as the artwork, making copyright’s prompt/output split descriptively incomplete."
92,RETENTION-005-R-C,7346ffdc35030e0a3d0dfd435b970246e9b05ed5e6d6be134ee61df5071c369a,092__A-raw-prompt-history-is-provenance-but-becomes-evidenc__USCO__RETENTION-005-R-C__from-PRESERVED_BASELINE_RESEARCH_.txt,PRESERVED_BASELINE_RESEARCH_ARCHIVE,A raw prompt history is provenance but becomes evidence of control only when revisions are paired with predictions about what should change.
93,RETENTION-005-R,349caf1ea17b9cc22fef20dbf6a33f00d6a94dc3a293afbbf43679b9c5b8ebe0,093__The-prompt-history-may-be-the-most-informative-authore__USCO__RETENTION-005-R__from-PRESERVED_BASELINE_RESEARCH_.txt,PRESERVED_BASELINE_RESEARCH_ARCHIVE,The prompt history may be the most informative authored artifact even when neither individual outputs nor the final prompt reveal the artist’s intervention.
94,RETENTION-005-S-A-A,c5eaac79b41d9f68b66be9c482b98e00265c6cfd0d45b337decdf30fc754104c,094__Midway-s-player-is-denied-authorship-not-because-the-p__SOURCEUNKNOWN__RETENTION-005-S-A-A__from-PRESERVED_BASELINE_RESEARCH_.txt,PRESERVED_BASELINE_RESEARCH_ARCHIVE,Midway’s player is denied authorship not because the player lacks causal control but because the machine prestructures the reachable expressive space.
95,RETENTION-005-S-A,85dc72642ab9214055a767a2cfaa13c8db0f188a00a65ded2c3ecbf79468779a,095__Stern-Electronics-defeats-the-proposition-that-traject__SOURCEUNKNOWN__RETENTION-005-S-A__from-PRESERVED_BASELINE_RESEARCH_.txt,PRESERVED_BASELINE_RESEARCH_ARCHIVE,Stern Electronics defeats the proposition that trajectory control by itself makes the controller an author.
96,RETENTION-005-S-B,fa28a5f15a6ed38ca80d67c7f725f19cff4d5301aa86b69a1c132601f6a9c901,096__Stern-Electronics-suggests-a-narrower-replacement-for__SOURCEUNKNOWN__RETENTION-005-S-B__from-PRESERVED_BASELINE_RESEARCH_.txt,PRESERVED_BASELINE_RESEARCH_ARCHIVE,Stern Electronics suggests a narrower replacement for distributional authorship: authorship of invariants across variable realizations.
97,RETENTION-005-S-C-A,2d9088f05c81984c7e18d7cf24f2c5689b3a300cfe76b4152631da31504b7712,097__Copyright-already-treats-the-generating-program-and-it__SOURCEUNKNOWN__RETENTION-005-S-C-A__from-PRESERVED_BASELINE_RESEARCH_.txt,PRESERVED_BASELINE_RESEARCH_ARCHIVE,"Copyright already treats the generating program and its audiovisual outputs as separable works, blocking automatic inheritance in either direction."
98,RETENTION-005-S-C,c2b20431796b84944081a8a1f7b318839eefbff69b4858b3ff69ebcc69d7b454,098__Authorship-of-a-generator-does-not-automatically-imply__USCO__RETENTION-005-S-C__from-PRESERVED_BASELINE_RESEARCH_.txt,PRESERVED_BASELINE_RESEARCH_ARCHIVE,Authorship of a generator does not automatically imply authorship of every output it can emit.
99,RETENTION-005-S,c8d646b7fa788bf60b0ee99bb88a53a0b63a65c04805a24fcbf75329709a7fff,099__The-deepest-legal-disagreement-is-whether-authorship-r__USCO__RETENTION-005-S__from-PRESERVED_BASELINE_RESEARCH_.txt,PRESERVED_BASELINE_RESEARCH_ARCHIVE,The deepest legal disagreement is whether authorship requires control over a token or control over a distribution.
100,RETENTION-005-T-A-A,9390421fc0d0d9f3bd7cf82949ad194dd7d6f14c8d4c9f285757045670944381,100__Prompt-vocabulary-is-only-the-shallowest-layer-of-AI-c__SOURCEUNKNOWN__RETENTION-005-T-A-A__from-PRESERVED_BASELINE_RESEARCH_.txt,PRESERVED_BASELINE_RESEARCH_ARCHIVE,Prompt vocabulary is only the shallowest layer of AI craft; mature practice increasingly operates across representations.
101,RETENTION-005-T-A,d3f5385a5a1a161ec49813b1b8d13da631e425fc9170a7c7efb05bc7d5c38bb1,101__Prompt-craft-includes-learning-specialized-vocabulary__SOURCEUNKNOWN__RETENTION-005-T-A__from-PRESERVED_BASELINE_RESEARCH_.txt,PRESERVED_BASELINE_RESEARCH_ARCHIVE,Prompt craft includes learning specialized vocabulary that is useful precisely because ordinary language and model-effective language are not identical.
102,RETENTION-005-T-B-A,ac33e4f315130a6c67c8b809972356331a57f71bafa108d370692d9f864f7b96,102__Model-accommodation-can-become-recursively-self-confir__SOURCEUNKNOWN__RETENTION-005-T-B-A__from-PRESERVED_BASELINE_RESEARCH_.txt,PRESERVED_BASELINE_RESEARCH_ARCHIVE,Model accommodation can become recursively self-confirming if accommodated user prompts are later reused as training data.
103,RETENTION-005-T-B,a01df230d6a8131d7c5f27ed9fcf30e7a699e51d56418bb221cb27c0f6542722,103__Prompt-expertise-can-improve-by-adapting-to-a-model-wh__SOURCEUNKNOWN__RETENTION-005-T-B__from-PRESERVED_BASELINE_RESEARCH_.txt,PRESERVED_BASELINE_RESEARCH_ARCHIVE,Prompt expertise can improve by adapting to a model while simultaneously becoming less faithful to the user’s natural language and original intentions.
104,RETENTION-005-T-C,2f102076b24fabda80cb991f4803b534c73c1bbc197abfb1e767490fa672271f,104__Prompt-templates-can-function-simultaneously-as-artist__SOURCEUNKNOWN__RETENTION-005-T-C__from-PRESERVED_BASELINE_RESEARCH_.txt,PRESERVED_BASELINE_RESEARCH_ARCHIVE,"Prompt templates can function simultaneously as artistic style, executable method, and legally unprotectable procedure."
105,RETENTION-005-T-D-A-A,9ed3914464885f73ab96b601f12024fc1c508f083ae89558743447536a99a292,105__A-platform-can-improve-its-outputs-while-decreasing-th__Jung-Polani-Stone__RETENTION-005-T-D-A-A__from-PRESERVED_BASELINE_RESEARCH_.txt,PRESERVED_BASELINE_RESEARCH_ARCHIVE,A platform can improve its outputs while decreasing the artist’s empowerment.
106,RETENTION-005-T-D-A,81beac86c98bd7ddd28ccb3caedd250e96ff40d62b31d0d74a97390b305850f0,106__Platformization-can-destroy-artistic-agency-without-de__SOURCEUNKNOWN__RETENTION-005-T-D-A__from-PRESERVED_BASELINE_RESEARCH_.txt,PRESERVED_BASELINE_RESEARCH_ARCHIVE,Platformization can destroy artistic agency without deleting the model’s nominal capabilities.
107,RETENTION-005-T-D,04603ea06d354a1707e9076f44fa8ec80286c6f1925fd7f0a77bc1bd7cf5ffa3,107__A-model-glitch-can-become-craft-knowledge-making-techn__SOURCEUNKNOWN__RETENTION-005-T-D__from-PRESERVED_BASELINE_RESEARCH_.txt,PRESERVED_BASELINE_RESEARCH_ARCHIVE,"A model glitch can become craft knowledge, making technical improvement capable of destroying an artistic technique."
108,RETENTION-005-T,3a2d4e5f4213203883b07d4a458920042d31bfc9ea9bfbfe59e865649c4f6fd9,108__Prompting-may-be-legally-weakest-exactly-where-it-is-a__USCO__RETENTION-005-T__from-PRESERVED_BASELINE_RESEARCH_.txt,PRESERVED_BASELINE_RESEARCH_ARCHIVE,Prompting may be legally weakest exactly where it is artistically most interesting: as a practice of discovering a machine’s local language.
109,RETENTION-005-X,0f4bec7f154a42d2575648c74dc47d2197eb74d2a810c5bf7aaa0724d9381337,109__The-deepest-split-across-the-seven-parents-is-not-huma__MULTISOURCE__RETENTION-005-X__from-PRESERVED_BASELINE_RESEARCH_.txt,PRESERVED_BASELINE_RESEARCH_ARCHIVE,The deepest split across the seven parents is not human versus machine but where unresolved expressive variables are allowed to close.
110,RETENTION-005-Y-A,e6eb132bfc453a8666dff3adf36bd3005a095cb61cacda5da3a195591fb48a69,110__The-expressive-variable-may-not-exist-before-the-act-t__Schon__RETENTION-005-Y-A__from-PRESERVED_BASELINE_RESEARCH_.txt,PRESERVED_BASELINE_RESEARCH_ARCHIVE,The expressive variable may not exist before the act that discovers it.
111,RETENTION-005-Y-B,9fba076daf88bdbcfd468f3926d955f11f06e0de02401c5a55ea7c20a18230c4,111__Control-can-be-measured-as-how-many-distinguishable-fu__Jung-Polani-Stone__RETENTION-005-Y-B__from-PRESERVED_BASELINE_RESEARCH_.txt,PRESERVED_BASELINE_RESEARCH_ARCHIVE,"Control can be measured as how many distinguishable futures an action channel can reliably produce, not how many buttons an interface displays."
112,RETENTION-005-Y-C,4754769d5e73402ec730a2acdbee0d39d0a9d6d32874be151aa2c59aa9e4dd70,112__Unseen-control-is-weaker-than-craft-because-empowermen__Jung-Polani-Stone__RETENTION-005-Y-C__from-PRESERVED_BASELINE_RESEARCH_.txt,PRESERVED_BASELINE_RESEARCH_ARCHIVE,Unseen control is weaker than craft because empowerment couples controllability to what the agent can perceive.
113,RETENTION-005-Y-D,02a3c4e32182e9fae72047e1c5ac66ac54f5dda9ee7a35b101c1f2c04dd59712,113__Agency-in-a-co-creative-system-has-two-opposite-direct__SOURCEUNKNOWN__RETENTION-005-Y-D__from-PRESERVED_BASELINE_RESEARCH_.txt,PRESERVED_BASELINE_RESEARCH_ARCHIVE,Agency in a co-creative system has two opposite directions: how much the artist can change the system and how much the system can change the artist.
114,RETENTION-005-Y-E,e7eb650ca1745a5022e0f11006f1bf8ee7d6c96252b60919ef1d808be91a3d8b,114__A-creative-assistant-need-not-infer-what-the-artist-wa__SOURCEUNKNOWN__RETENTION-005-Y-E__from-PRESERVED_BASELINE_RESEARCH_.txt,PRESERVED_BASELINE_RESEARCH_ARCHIVE,A creative assistant need not infer what the artist wants; it can preserve the artist’s capacity to decide later.
115,RETENTION-005-Y-F,2849920de7f70a6b7331da96afa7176ec11e8d15ead357b496e9f7d3f9f7cd7c,115__A-creative-interface-cannot-preserve-distinctions-it-l__SOURCEUNKNOWN__RETENTION-005-Y-F__from-PRESERVED_BASELINE_RESEARCH_.txt,PRESERVED_BASELINE_RESEARCH_ARCHIVE,A creative interface cannot preserve distinctions it lacks enough variety to express or counteract.
116,RETENTION-005-Y,37f166c14ffec3de4b188e13bef480ca54e66df71fac75bd0a73b8da713fceaf,116__The-children-converge-on-a-new-distinction-expressive__MULTISOURCE__RETENTION-005-Y__from-PRESERVED_BASELINE_RESEARCH_.txt,PRESERVED_BASELINE_RESEARCH_ARCHIVE,"The children converge on a new distinction: expressive agency depends on where freedom is located, not merely how much freedom exists."
117,RETENTION-005,4bc470fb20aa95ad13ea0f4d4adec2098459791be453c31b1e820b59662afb43,117__Current-U.S.-copyright-analysis-permits-human-authorsh__USCO2025Copyrightability__RETENTION-005__from-PRESERVED_BASELINE_RESEARCH_.txt,PRESERVED_BASELINE_RESEARCH_ARCHIVE,"Current U.S. copyright analysis permits human authorship to enter after generation through creative selection, arrangement, or modification."
118,RETENTION-006,c81b3e0976138746efe370739744cb69617ecadef5dd63ca0aa9e711106ab246,118__Keep-that-is-not-one-operation-it-contains-at-least-fo__USCO__RETENTION-006__from-PRESERVED_BASELINE_RESEARCH_.txt,PRESERVED_BASELINE_RESEARCH_ARCHIVE,“Keep that” is not one operation; it contains at least four different causal structures.
119,SCALE-001,f431a82cf848e4973c61f86397ef8d2df3fe707d29e1ea90d0075afc26b4e64a,119__Representations-can-manufacture-the-magnitude-they-lat__SELFSOURCE__SCALE-001__from-PRESERVED_BASELINE_RESEARCH_.txt,PRESERVED_BASELINE_RESEARCH_ARCHIVE,Representations can manufacture the magnitude they later display.
120,STAGING-001,2f2fb670b874998a123bc4dfd76f96c1cded1419a27972f67e00026c17645f9f,120__Partial-evaluation-turns-input-data-into-program-struc__JonesGomardSestoft1993__STAGING-001__from-PRESERVED_BASELINE_RESEARCH_.txt,PRESERVED_BASELINE_RESEARCH_ARCHIVE,Partial evaluation turns input data into program structure without changing the computed result.
121,STAGING-002,73eb5f862d4580da9fe46db36f44338ac4b0c21bd34f84a697215cbeb508c95e,121__A-configuration-file-can-become-code-merely-because-it__JonesGomardSestoft1993__STAGING-002__from-PRESERVED_BASELINE_RESEARCH_.txt,PRESERVED_BASELINE_RESEARCH_ARCHIVE,A configuration file can become code merely because it changes more slowly than the rest of the input.
122,STRATEGY-001,f8c763279cad5b09bc0fb76fe4797aedd342823940a325b9b7f331c9f80ba19e,122__Partial-evaluation-introduces-a-second-control-problem__JonesGomardSestoft1993__STRATEGY-001__from-PRESERVED_BASELINE_RESEARCH_.txt,PRESERVED_BASELINE_RESEARCH_ARCHIVE,Partial evaluation introduces a second control problem: deciding which computation happens now and which becomes future code.
123,SYNTEGRITY-001,77d8228157343ea72811ab80ec4f3f685b434ac7e1f3d09f8fd8d3f49465733c,123__The-simulation-s-dominant-transformation-was-condition__SELFSOURCE__SYNTEGRITY-001__from-PRESERVED_BASELINE_RESEARCH_.txt,PRESERVED_BASELINE_RESEARCH_ARCHIVE,The simulation’s dominant transformation was conditionalization rather than falsification.
124,SYNTEGRITY-002,0f20f186065a51d70de00431769901648827c7fb7a847e90c3ba7a384f72cda8,124__Availability-was-repeatedly-weaker-than-intervention-a__SELFSOURCE__SYNTEGRITY-002__from-PRESERVED_BASELINE_RESEARCH_.txt,PRESERVED_BASELINE_RESEARCH_ARCHIVE,Availability was repeatedly weaker than intervention across otherwise unrelated domains.
125,SYNTEGRITY-003,216db8d9bded42c0c76c7ec304e9c5193e0bf64ed2aa442c5b6b08e45f9aae2e,125__The-observer-network-functioned-as-a-lateral-nervous-s__SELFSOURCE__SYNTEGRITY-003__from-PRESERVED_BASELINE_RESEARCH_.txt,PRESERVED_BASELINE_RESEARCH_ARCHIVE,The observer network functioned as a lateral nervous system while the public board remained causally inert.
126,SYNTEGRITY-004,69513829b4a66be9d9c256de4097b55f2d8c896eb64783bf45158f193412b4f9,126__Distributed-discourse-was-achieved-without-distributed__SELFSOURCE__SYNTEGRITY-004__from-PRESERVED_BASELINE_RESEARCH_.txt,PRESERVED_BASELINE_RESEARCH_ARCHIVE,Distributed discourse was achieved without distributed cognition.
127,SYNTEGRITY-005,e769d39fff82df9d24695f54d6003ed31fc3ab0bc58da152ea71e1d61aed284e,127__An-omniscient-analyst-can-reconstruct-collective-intel__SELFSOURCE__SYNTEGRITY-005__from-PRESERVED_BASELINE_RESEARCH_.txt,PRESERVED_BASELINE_RESEARCH_ARCHIVE,An omniscient analyst can reconstruct collective intelligence that no participant ever possessed.
128,SYNTEGRITY-006,52a05912f9899ac785d8d72327c6c31a0f567dced81fcebd7622590da30a4aa7,128__The-network-s-most-productive-claims-changed-function__SELFSOURCE__SYNTEGRITY-006__from-PRESERVED_BASELINE_RESEARCH_.txt,PRESERVED_BASELINE_RESEARCH_ARCHIVE,The network’s most productive claims changed function as they travelled.
129,TIME-001,8b2111be632ed980c764fedd71f3e47ad0120e6d45fb49a92333ab3bf72db81a,129__Representations-do-not-merely-operate-in-time-they-all__SELFSOURCE__TIME-001__from-PRESERVED_BASELINE_RESEARCH_.txt,PRESERVED_BASELINE_RESEARCH_ARCHIVE,Representations do not merely operate in time; they allocate actionable time.
130,UPTAKE-001,d17ed8c4a8fc5cbbc2c2c3c36607c0c5d9b0c311dfc36c114509b30cbf488c82,130__Maude-states-explicitly-that-executability-is-relative__ClavelEtAl2003__UPTAKE-001__from-PRESERVED_BASELINE_RESEARCH_.txt,PRESERVED_BASELINE_RESEARCH_ARCHIVE,Maude states explicitly that executability is relative: the same formal statement can be non-executable at one level and executable at another.
131,UPTAKE-002,0975b466dc93f51722ed3aece4fb17eb3956c6d7236cbe56176ec585fe697bfd,131__A-transition-relation-can-be-fully-specified-while-the__DuranEtAl2019__UPTAKE-002__from-PRESERVED_BASELINE_RESEARCH_.txt,PRESERVED_BASELINE_RESEARCH_ARCHIVE,A transition relation can be fully specified while the choice of which transition to take remains a separate programmable object.
132,UPTAKE-003,7370b52329d10e7929dbad0974b265343b28f703a9619644badd3220f5bd2578,132__The-strongest-surviving-invariant-may-be-not-specified__BiermannBallard1980__UPTAKE-003__from-PRESERVED_BASELINE_RESEARCH_.txt,PRESERVED_BASELINE_RESEARCH_ARCHIVE,The strongest surviving invariant may be not specified uptake but counterfactual control: changing the representation must change the receiver’s behavioral policy.
133,WARRANT-001,2e9d55cbda2f1f965f4787e35bb74dd689fa704b0e27439aef447223059f0637,133__The-target-is-not-complete-representation-but-warrante__SELFSOURCE__WARRANT-001__from-PRESERVED_BASELINE_RESEARCH_.txt,PRESERVED_BASELINE_RESEARCH_ARCHIVE,The target is not complete representation but warranted passage.
134,WARRANT-002,7dfbf6be356b0d2448616841bee495150a4085473a72e63d747c596be0be2e50,134__The-simulation-s-substantive-and-methodological-output__SELFSOURCE__WARRANT-002__from-PRESERVED_BASELINE_RESEARCH_.txt,PRESERVED_BASELINE_RESEARCH_ARCHIVE,The simulation’s substantive and methodological outputs converge on one question: under what conditions may a description act?
135,DISCOVERY-001,fe0efa0a884cd78088b154be6a414bb96a04c5f3fb9937445a3cf8c5fd830457,135__The-choice-space-of-a-creative-act-can-be-produced-by__schon1992reflective__DISCOVERY-001__from-DERIVED_NEW_ZETTEL_VERIFIED_.txt,DERIVED_NEW_ZETTEL_VERIFIED_SOURCES,The choice-space of a creative act can be produced by an earlier act rather than given in advance.
136,EXPLORATORY-001,bcbeafc2736f441fbfc8acad6e7b4bd86450a08215e1de187c1882a156bc50b6,136__The-strongest-challenge-to-the-re-roll-account-is-not__samuelson2023comments__EXPLORATORY-001__from-DERIVED_NEW_ZETTEL_VERIFIED_.txt,DERIVED_NEW_ZETTEL_VERIFIED_SOURCES,The strongest challenge to the “re-roll” account is not that iteration is labor but that intermediate results can alter subsequent human commitments.
137,PLAYER-001,36f4a468291b57d4743fa587a1e9cdfafdbb94d0d752a7a5f47047651a74c4d7,137__High-causal-influence-over-a-realized-path-can-remain__midway1983__PLAYER-001__from-DERIVED_NEW_ZETTEL_VERIFIED_.txt,DERIVED_NEW_ZETTEL_VERIFIED_SOURCES,High causal influence over a realized path can remain navigation inside a possibility space structured by somebody else.
138,INVARIANT-001,b2e363593bfaaaa066f9a5479d217e75c3f6062a495f1e5f5129a8ee3df45de3,138__Variable-realizations-do-not-erase-authorship-when-rec__stern1982__INVARIANT-001__from-DERIVED_NEW_ZETTEL_VERIFIED_.txt,DERIVED_NEW_ZETTEL_VERIFIED_SOURCES,Variable realizations do not erase authorship when recurring expressive invariants remain attributable upstream.
139,EMPOWERMENT-001,feed8b68f613871f22476064fcc3b4af97e1f659a0420141c1bb00f1af7ebd3f,139__Nominal-interface-choice-is-weaker-than-an-action-chan__jung2011empowerment__EMPOWERMENT-001__from-DERIVED_NEW_ZETTEL_VERIFIED_.txt,DERIVED_NEW_ZETTEL_VERIFIED_SOURCES,Nominal interface choice is weaker than an action channel whose alternatives produce reliably distinguishable future states.
140,NEXTSHOT-001,00b21dfe98028c0814ff84af05f45ea92be0d8bef03437dbbdf10501d469ab3a,140__The-strongest-evidence-of-exploratory-authorship-may-b__USCO__NEXTSHOT-001__from-DERIVED_NEW_ZETTEL_VERIFIED_.txt,DERIVED_NEW_ZETTEL_VERIFIED_SOURCES,"The strongest evidence of exploratory authorship may be neither predicting the first result nor liking it afterward, but making a discovered difference govern what happens next."
141,EPISTEMIC-001,67949f94790447d73a4950e6679fbf1e4b35c3d0054d96857ed86c01fa58833c,141__Some-generations-are-epistemic-actions-rather-than-can__KirshMaglio1994Epistemic__EPISTEMIC-001__from-DERIVED_CURRENT_INQUIRY_2026.txt,DERIVED_CURRENT_INQUIRY_2026-08-18,Some generations are epistemic actions rather than candidate artworks.
142,DISCOVERY-002,83c0f4bdc3924ab5a7f6e40e3b0245fa93d80dd11352b818c5ad608ccf06b256,142__The-expressive-variable-may-be-born-during-making-rath__Schon1992Reflective__DISCOVERY-002__from-DERIVED_CURRENT_INQUIRY_2026.txt,DERIVED_CURRENT_INQUIRY_2026-08-18,The expressive variable may be born during making rather than selected from a pre-given list.
143,FRONTIER-001,241ec20afbfecc24a62115cd4297f458b674eef916511ce27254b22b753ab66c,143__Later-stabilization-of-a-surprise-does-not-travel-back__USCO2025Copyrightability__FRONTIER-001__from-DERIVED_CURRENT_INQUIRY_2026.txt,DERIVED_CURRENT_INQUIRY_2026-08-18,Later stabilization of a surprise does not travel backward and make the maker the originator of the surprise.
144,INVARIANT-002,47a20d25e4a8c795c2c17daa20cc5357e6d1f65cae96bdb3924bca329ea123fe,144__The-authored-object-after-surprise-may-be-an-invariant__MULTISOURCE__INVARIANT-002__from-DERIVED_CURRENT_INQUIRY_2026.txt,DERIVED_CURRENT_INQUIRY_2026-08-18,The authored object after surprise may be an invariant across transformations rather than the surprised feature itself.
145,SEARCH-001,53a84cc166cf5bbdccd98da855b996ec65344074cc0ea2b527343904cc96b758,145__Exploration-differs-from-shopping-when-an-intermediate__USCO__SEARCH-001__from-DERIVED_CURRENT_INQUIRY_2026.txt,DERIVED_CURRENT_INQUIRY_2026-08-18,Exploration differs from shopping when an intermediate artifact changes the operations the maker can subsequently perform.
146,CRAFT-002,a2bd0d4be5e9471fa3fd7b6b52575ba6fcfaf5e1fbc58927a47441752d3b41a2,146__Prompt-craft-may-chiefly-produce-a-local-causal-model__SOURCEUNKNOWN__CRAFT-002__from-DERIVED_CURRENT_INQUIRY_2026.txt,DERIVED_CURRENT_INQUIRY_2026-08-18,Prompt craft may chiefly produce a local causal model of the generator rather than a protectable expressive object.
147,QUESTIONSPACE-001,2fdf43a443916fe2d389b9f691f950dd75c9c90c25004ab2588a885d691796cc,147__A-generative-system-can-shape-not-only-answers-but-whi__DonYehiyaEtAl2023__QUESTIONSPACE-001__from-DERIVED_CURRENT_INQUIRY_2026.txt,DERIVED_CURRENT_INQUIRY_2026-08-18,A generative system can shape not only answers but which distinctions the maker learns to ask about.
148,CHANNEL-001,abc161c5b50169b4704a6561658cee3c0a35a65638d5204b3821bdcfcdfca220,148__Creative-control-is-a-perceptible-action-to-future-cha__JungPolaniStone2011__CHANNEL-001__from-DERIVED_CURRENT_INQUIRY_2026.txt,DERIVED_CURRENT_INQUIRY_2026-08-18,"Creative control is a perceptible action-to-future channel, not a count of available controls."
149,ATTRIBUTION-001,5544737ca04c2b4bda281b9d93dc7fe5999ef67e09d582226b29c1cc3561c673,149__Control-decomposes-into-discovery-commitment-constrain__SternElectronics1982__ATTRIBUTION-001__from-DERIVED_CURRENT_INQUIRY_2026.txt,DERIVED_CURRENT_INQUIRY_2026-08-18,"Control decomposes into discovery, commitment, constraint, steering, stabilization, invariant origin, and possibility-space origin."
150,AFTERSURPRISE-001,f8be08967067d5720b6fef1988737286710b195b0e9330e34347a916531c4077,150__Authorship-after-surprise-begins-when-an-unforeseen-di__USCO__AFTERSURPRISE-001__from-DERIVED_CURRENT_INQUIRY_2026.txt,DERIVED_CURRENT_INQUIRY_2026-08-18,Authorship after surprise begins when an unforeseen difference becomes a constraint on the future.
151,SOURCE-COLLISION-001,196738d2cee6abdfc32de371e58bfbb3768c546b88d13f776b96ffeffa77ab78,151__Sch-n-s-1992-Designing-as-Reflective-Conversation-exis__Schon1992Reflective__SOURCE-COLLISION-001__from-DERIVED_CURRENT_INQUIRY_2026.txt,DERIVED_CURRENT_INQUIRY_2026-08-18,Schön’s 1992 “Designing as Reflective Conversation” exists in two journal publications and should not be silently normalized.
